{
    "FID_latent/young2old": 43.609340900437,
    "FID_latent/old2young": 34.07639851840988,
    "FID_latent/mean": 38.84286970942344
}